id,title,hackathon,status,domain,problem,solution,tech_stack,github_url,ppt_url,ppt_source_note
HS001,Bharat Shiksha Portal / Cost-Effective Smartboard,Smart India Hackathon 2023,Grand Finale submission; repository states winning project,Education / EdTech,Affordable smartboard and enhanced teaching-learning environment.,"Low-cost smartboard combining hardware, custom whiteboard, 3D teaching environment, hybrid learning, lecture summarization, multilingual notes and cloud access.",Web/software + ML features; hardware smartboard,https://github.com/AishwaryaRavi07/Team-Osmium-915,https://drive.google.com/file/d/1NSP4qgAmZ9LAflwMZDV2za_IbgXJoPAl/view?usp=sharing,PPT link is published in the repository README.
HS002,KnitKraft — Wool Farm to Fabric,Smart India Hackathon 2023,Repository states Winner,Textile / Agriculture / Marketplace,"Fragmented wool industry, weak market access, tracking, quality assurance and processing support.","Multilingual role-based platform for farmers, buyers, sellers and service providers with wool tracking, marketplace, quality assurance, education, reverse bidding and market information.",Node.js / EJS / JavaScript; repository contains models/routes/views,https://github.com/uzibytes/KnitKraft,https://www.canva.com/design/DAGP_9EsdGI/WQJE7HY9nDG7qmt9gBuDuA/edit,Main PPT link is published in the repository README.
HS003,VoCo — Advanced Vocational Training Application,Smart India Hackathon 2022,Repository states Winner,Accessibility / Education,Limited accessible vocational training for people with visual impairment.,"Accessible vocational-training app with voice navigation, pronunciation guide, audio learning, tests, chatbot, community interaction and expert support.",Flutter / Dart; Firebase login mentioned in repository,https://github.com/uzibytes/Voco_App,https://www.canva.com/,Repository README contains a Main PPT link; the public page resolves to Canva.
HS004,Institute Level Verification Portal,Smart India Hackathon 2023,Team Bharat SIH 2023 Finals,Government / Education / Verification,Inter-state institution verification gaps causing scholarship issues and administrative burden.,"Central verification portal using OCR, computer vision, dashboard tracking, blockchain/IPFS document handling and a query bot.","React.js, JavaScript, Bootstrap, Flask, Supabase, PaddleOCR, EasyOCR, IPFS",https://github.com/psankhe28/sih-finals,https://www.canva.com/,Repository lists a PPT under Assets; public page identifies it as Canva.
HS005,Data-Driven Fertilizer Recommendation System,Smart India Hackathon 2024,Public SIH-2024 project repository,Agriculture / Machine Learning,"Recommend optimal fertilizer type and quantity from soil, crop and weather conditions.","Data-driven recommendation system with nutrient inputs, weather integration, fertilizer prediction, nutrient-level guidance and dynamic feedback.","Python, Pandas, NumPy, Scikit-learn, React, Node.js, Express, MongoDB, Mongoose, Tailwind",https://github.com/DeepeshIITdh/Fertilizer_Recommendation_SIH_2024,https://github.com/DeepeshIITdh/Fertilizer_Recommendation_SIH_2024/blob/main/Presentation.pdf,Presentation.pdf is stored in the repository.
HS006,VaultRAG — Multimodal Offline RAG,Smart India Hackathon 2025,Public SIH 2025 participation repository,AI / RAG / Privacy,"Offline multimodal retrieval across text, image and audio under privacy and connectivity constraints.","Offline multimodal RAG using unified embeddings, Whisper speech-to-text, FAISS similarity search and grounded citations.","RAG, multimodal embeddings, Whisper, FAISS",https://github.com/tusharr-mishra/SIH-2025,https://github.com/tusharr-mishra/SIH-2025/blob/main/sih-ps1-presentation.pdf,sih-ps1-presentation.pdf is listed in the repository.
HS007,AtithiBandhu — Smart Tourist Safety System,Smart India Hackathon 2025,Public SIH 2025 participation repository,Tourism / AI / Blockchain / Safety,"Tourist safety monitoring, incident detection and secure identity verification.","Blockchain-based tourist identity, AI geofencing and anomaly detection, emergency response and privacy-first low-connectivity operation.","AI, geofencing, blockchain, Hyperledger Fabric mentioned by repository topics",https://github.com/tusharr-mishra/SIH-2025,https://github.com/tusharr-mishra/SIH-2025/blob/main/sih-ps2-presentation.pdf,sih-ps2-presentation.pdf is listed in the repository.
HS008,TreeSense Imaging,Smart India Hackathon 2023,Public SIH project repository,Environment / Computer Vision / GIS,Manual tree enumeration in forest diversion areas is time-consuming and error-prone.,"Image analytics system using satellite/aerial imagery for tree counting, green-cover estimation, species identification, pathing and historical analysis.","PyTorch, YOLOv8, TensorFlow.js, React, Chart.js, Google Maps API",https://github.com/vipulchaturvedi/treesense-imaging,https://github.com/vipulchaturvedi/treesense-imaging/blob/main/TreeSense_Imaging_SiH_2023.pptx,PPTX is stored in the repository root.
HS009,Swachhta and LiFE Dashboard — SIH-1751,Smart India Hackathon,Public SIH project repository,Government / Environment / Computer Vision,Monitoring cleanliness and green practices in post offices.,Dashboard with AI-powered image processing for monitoring Swachhta and LiFE practices.,"Python, FastAI transfer learning; web dashboard",https://github.com/risherb/SIH-1751,https://docs.google.com/presentation/d/145Evtpm6kv2u2KJBRmrOiks8QvBnLGq-keOmu9_YS3U/mobilepresent?slide=id.g2876d4227be_1_130,Presentation URL is published in the repository README.
HS010,ReFocus — Improve Focus and Concentration,Smart India Hackathon 2022,Repository states Winner,Productivity / Education,Helping users improve focus and concentration.,Focus/concentration support project with a website and browser-extension direction.,Repository contains project source and demo references,https://github.com/codewithmitesh/ReFocus,https://github.com/codewithmitesh/ReFocus,Repository README lists a Final Presentation/PPT link.
